run_id,corridor,special_logic,pose_index,x,y,plan_time_s,success
1,true,false,1,-0.0236,0.2384,2.1605,1
1,true,false,2,-0.3067,0.2384,0.6025,1
1,true,false,3,-0.8730,0.2384,1.6069,1
1,true,false,4,-0.5899,0.2384,1.2070,1
1,true,false,5,0.2596,0.2384,1.4101,1
1,true,false,6,0.5427,0.2384,1.1054,1
1,true,false,7,0.8259,0.2384,1.6548,1
1,true,false,8,0.8259,0.0421,2.2576,1
1,true,false,9,0.5427,0.0421,4.5148,1
1,true,false,10,0.2596,0.0421,2.1590,1
1,true,false,11,-0.0236,0.0421,0.9571,1
1,true,false,12,-0.3067,0.0421,1.2565,1
1,true,false,13,-0.5899,0.0421,41.4115,1
1,true,false,14,-0.8730,0.0421,3.2142,1
1,true,false,15,-0.8730,-0.1541,4.5305,1
1,true,false,16,-0.5899,-0.1541,2.2565,1
1,true,false,17,-0.3067,-0.1541,1.9557,1
1,true,false,18,-0.0236,-0.1541,1.5033,1
1,true,false,19,0.2596,-0.1541,1.2075,1
1,true,false,20,0.5427,-0.1541,3.5972,1
1,true,false,21,0.2596,-0.3504,3.4154,1
1,true,false,22,-0.3067,-0.3504,0.9099,1
1,true,false,23,-0.5899,-0.3504,1.0574,1
1,true,false,24,-0.8730,-0.3504,2.3594,1
1,true,false,25,-0.0236,-0.3504,2.4550,1
1,true,false,26,0.5427,-0.3504,0.9027,1
1,true,false,27,1.1090,-0.3504,9.7757,1
1,true,false,28,0.8259,-0.3504,16.1192,1
1,true,false,29,0.5427,-0.5467,7.4648,1
1,true,false,30,0.2596,-0.5467,3.7592,1
1,true,false,31,-0.0236,-0.5467,3.7700,1
1,true,false,32,-0.3067,-0.5467,8.4185,1
1,true,false,33,-0.5899,-0.5467,10.3580,1
1,true,false,34,-0.8730,-0.5467,11.7241,1
1,true,false,35,-0.5899,-0.7430,28.6136,1
1,true,false,36,-0.8730,-0.7430,19.8017,1
1,true,false,37,-0.3067,-0.7430,18.9947,1
1,true,false,38,-0.0236,-0.7430,17.6066,1
1,true,false,39,0.2596,-0.7430,11.9285,1
1,true,false,40,0.5427,-0.7430,16.4908,1
1,true,false,41,0.8259,-0.7430,13.8205,1
1,true,false,42,1.1090,-0.7430,18.4071,1
1,true,false,43,1.1090,-0.5467,16.6818,1
1,true,false,44,0.8259,-0.5467,12.4908,1
1,true,false,45,0.8259,-0.1541,139.1414,0
1,true,false,46,1.1090,-0.1541,386.7226,0
1,true,false,47,1.1090,0.0421,413.2450,0
1,true,false,48,1.1090,0.2384,650.5680,0
1,true,false,49,1.1090,0.4347,828.3346,0
1,true,false,50,0.5427,0.4347,693.7466,0
1,true,false,51,0.2596,0.4347,957.4704,0
1,true,false,52,-0.3067,0.4347,273.0510,1
1,true,false,53,-0.8730,0.4347,2.0107,1
1,true,false,54,-0.5899,0.4347,2.3565,1
1,true,false,55,-0.0236,0.4347,1.0562,1
1,true,false,56,0.8259,0.4347,4.2669,1
1,true,false,57,1.1090,0.6310,690.2745,0
1,true,false,58,0.8259,0.6310,20.1782,1
1,true,false,59,0.5427,0.6310,7.0152,1
1,true,false,60,0.2596,0.6310,17.0937,1
1,true,false,61,-0.0236,0.6310,8.7222,1
1,true,false,62,-0.3067,0.6310,7.2687,1
1,true,false,63,-0.5899,0.6310,10.4758,1
1,true,false,64,-0.8730,0.6310,8.2180,1
2,true,false,1,-0.8730,0.6310,12.2303,1
2,true,false,2,-0.5899,0.6310,6.9646,1
2,true,false,3,-0.3067,0.6310,10.7833,1
2,true,false,4,-0.0236,0.6310,7.3717,1
2,true,false,5,0.2596,0.6310,12.2937,1
2,true,false,6,0.5427,0.6310,12.4826,1
2,true,false,7,1.1090,0.6310,613.5928,0
2,true,false,8,0.8259,0.6310,7.3196,1
2,true,false,9,1.1090,0.4347,12.0167,1
2,true,false,10,0.8259,0.4347,8.3709,1
2,true,false,11,0.5427,0.4347,3.1149,1
2,true,false,12,0.2596,0.4347,2.5570,1
2,true,false,13,-0.0236,0.4347,2.9563,1
2,true,false,14,-0.3067,0.4347,5.5112,1
2,true,false,15,-0.8730,0.4347,5.0649,1
2,true,false,16,-0.5899,0.4347,3.2064,1
2,true,false,17,-0.5899,0.2384,1.8064,1
2,true,false,18,-0.8730,0.2384,1.5085,1
2,true,false,19,-0.3067,0.2384,1.7572,1
2,true,false,20,-0.0236,0.2384,0.9051,1
2,true,false,21,0.2596,0.2384,2.8329,1
2,true,false,22,0.5427,0.2384,2.7614,1
2,true,false,23,0.8259,0.2384,1.6664,1
2,true,false,24,1.1090,0.2384,7.8706,1
2,true,false,25,1.1090,0.0421,21.6553,1
2,true,false,26,0.8259,0.0421,7.9532,1
2,true,false,27,0.5427,0.0421,1.7097,1
2,true,false,28,0.2596,0.0421,1.6074,1
2,true,false,29,-0.0236,0.0421,1.0035,1
2,true,false,30,-0.3067,0.0421,1.2090,1
2,true,false,31,-0.5899,0.0421,2.3627,1
2,true,false,32,-0.8730,0.0421,7.6712,1
2,true,false,33,-0.8730,-0.1541,4.1745,1
2,true,false,34,-0.5899,-0.1541,1.6089,1
2,true,false,35,-0.3067,-0.1541,1.1546,1
2,true,false,36,-0.0236,-0.1541,0.8053,1
2,true,false,37,0.2596,-0.1541,0.9107,1
2,true,false,38,0.5427,-0.1541,1.7553,1
2,true,false,39,0.8259,-0.1541,2.6642,1
2,true,false,40,1.1090,-0.1541,7.6528,1
2,true,false,41,0.8259,-0.3504,7.8680,1
2,true,false,42,1.1090,-0.3504,8.6178,1
2,true,false,43,0.5427,-0.3504,12.2250,1
2,true,false,44,0.2596,-0.3504,0.6526,1
2,true,false,45,-0.0236,-0.3504,0.7526,1
2,true,false,46,-0.3067,-0.3504,0.4537,1
2,true,false,47,-0.5899,-0.3504,0.8554,1
2,true,false,48,-0.8730,-0.3504,2.6080,1
2,true,false,49,-0.5899,-0.5467,6.6631,1
2,true,false,50,-0.8730,-0.5467,11.1259,1
2,true,false,51,-0.3067,-0.5467,11.0092,1
2,true,false,52,-0.0236,-0.5467,3.8088,1
2,true,false,53,0.2596,-0.5467,14.4315,1
2,true,false,54,0.5427,-0.5467,14.3151,1
2,true,false,55,0.8259,-0.5467,10.8316,1
2,true,false,56,1.1090,-0.5467,642.6927,0
2,true,false,57,1.1090,-0.7430,695.7123,0
2,true,false,58,0.8259,-0.7430,557.8534,0
2,true,false,59,0.5427,-0.7430,475.7773,0
2,true,false,60,0.2596,-0.7430,506.8953,0
2,true,false,61,-0.0236,-0.7430,541.8356,0
2,true,false,62,-0.3067,-0.7430,488.0057,0
2,true,false,63,-0.8730,-0.7430,663.9628,0
2,true,false,64,-0.5899,-0.7430,545.9588,0
3,true,false,1,0.8259,-0.5467,10.6652,1
3,true,false,2,0.5427,-0.5467,13.7268,1
3,true,false,3,0.2596,-0.5467,4.2615,1
3,true,false,4,-0.0236,-0.5467,3.9216,1
3,true,false,5,-0.3067,-0.5467,3.8684,1
3,true,false,6,-0.5899,-0.5467,6.1164,1
3,true,false,7,-0.8730,-0.5467,5.6674,1
3,true,false,8,-0.5899,-0.7430,446.3165,0
3,true,false,9,-0.8730,-0.7430,503.4746,0
3,true,false,10,-0.0236,-0.7430,477.9794,0
3,true,false,11,-0.3067,-0.7430,470.1626,0
3,true,false,12,0.2596,-0.7430,476.4904,0
3,true,false,13,0.5427,-0.7430,567.1923,0
3,true,false,14,0.8259,-0.7430,647.8309,0
3,true,false,15,1.1090,-0.7430,965.4879,0
3,true,false,16,-0.8730,0.6310,28.8487,1
3,true,false,17,-0.8730,0.4347,9.6214,1
3,true,false,18,-0.8730,0.2384,4.2601,1
3,true,false,19,-0.8730,0.0421,6.8464,1
3,true,false,20,-0.8730,-0.1541,6.3770,1
3,true,false,21,-0.8730,-0.3504,3.1608,1
3,true,false,22,-0.5899,0.6310,9.8289,1
3,true,false,23,-0.5899,0.4347,11.1235,1
3,true,false,24,-0.5899,0.2384,1.1095,1
3,true,false,25,-0.5899,0.0421,1.3599,1
3,true,false,26,-0.5899,-0.1541,1.8103,1
3,true,false,27,-0.5899,-0.3504,0.7580,1
3,true,false,28,-0.3067,0.6310,18.4267,1
3,true,false,29,-0.3067,0.4347,3.4135,1
3,true,false,30,-0.3067,0.2384,0.6602,1
3,true,false,31,-0.3067,0.0421,1.3047,1
3,true,false,32,-0.3067,-0.1541,1.2557,1
3,true,false,33,-0.3067,-0.3504,0.9100,1
3,true,false,34,-0.0236,0.6310,16.2154,1
3,true,false,35,-0.0236,0.4347,2.8082,1
3,true,false,36,-0.0236,0.2384,0.7580,1
3,true,false,37,-0.0236,0.0421,1.0065,1
3,true,false,38,-0.0236,-0.1541,1.0047,1
3,true,false,39,-0.0236,-0.3504,0.9058,1
3,true,false,40,0.2596,0.6310,20.7568,1
3,true,false,41,0.2596,0.4347,6.4681,1
3,true,false,42,0.2596,0.2384,0.6563,1
3,true,false,43,0.2596,0.0421,4.4723,1
3,true,false,44,0.2596,-0.1541,5.7982,1
3,true,false,45,0.2596,-0.3504,0.9131,1
3,true,false,46,0.5427,0.6310,15.6837,1
3,true,false,47,0.5427,0.4347,16.1509,1
3,true,false,48,0.5427,0.2384,0.9529,1
3,true,false,49,0.5427,0.0421,104.2766,0
3,true,false,50,0.5427,-0.1541,10.7068,1
3,true,false,51,0.5427,-0.3504,6.2207,1
3,true,false,52,0.8259,0.6310,1057.3941,0
3,true,false,53,0.8259,0.4347,230.8286,0
3,true,false,54,0.8259,0.2384,196.2031,0
3,true,false,55,0.8259,0.0421,4.8748,1
3,true,false,56,0.8259,-0.1541,7.0065,1
3,true,false,57,0.8259,-0.3504,3.3115,1
3,true,false,58,1.1090,0.6310,125.3353,1
3,true,false,59,1.1090,0.4347,11.4391,1
3,true,false,60,1.1090,0.2384,18.8923,1
3,true,false,61,1.1090,0.0421,34.8174,1
3,true,false,62,1.1090,-0.1541,26.9862,1
3,true,false,63,1.1090,-0.3504,20.9755,1
3,true,false,64,1.1090,-0.5467,20.4020,1
4,true,false,1,1.1090,-0.5467,18.9528,1
4,true,false,2,0.8259,-0.5467,14.2263,1
4,true,false,3,0.5427,-0.5467,7.7225,1
4,true,false,4,0.2596,-0.5467,7.3823,1
4,true,false,5,-0.0236,-0.5467,13.2467,1
4,true,false,6,-0.3067,-0.5467,5.4215,1
4,true,false,7,-0.8730,-0.3504,7.9670,1
4,true,false,8,-0.5899,-0.3504,2.8632,1
4,true,false,9,-0.3067,-0.3504,0.7561,1
4,true,false,10,-0.0236,-0.3504,0.9063,1
4,true,false,11,0.2596,-0.3504,2.2958,1
4,true,false,12,0.5427,-0.3504,3.3809,1
4,true,false,13,1.1090,-0.3504,5.6621,1
4,true,false,14,0.8259,-0.3504,7.6726,1
4,true,false,15,1.1090,-0.1541,11.7248,1
4,true,false,16,0.8259,-0.1541,10.7167,1
4,true,false,17,0.5427,-0.1541,2.5656,1
4,true,false,18,0.2596,-0.1541,1.6058,1
4,true,false,19,-0.0236,-0.1541,1.6719,1
4,true,false,20,-0.3067,-0.1541,1.2144,1
4,true,false,21,-0.5899,-0.1541,92.3291,0
4,true,false,22,-0.8730,-0.1541,14.2666,1
4,true,false,23,-0.8730,0.0421,1.9113,1
4,true,false,24,-0.5899,0.0421,3.1087,1
4,true,false,25,-0.3067,0.0421,1.6038,1
4,true,false,26,-0.0236,0.0421,5.3302,1
4,true,false,27,0.2596,0.0421,2.8343,1
4,true,false,28,0.5427,0.0421,3.4112,1
4,true,false,29,1.1090,0.0421,6.9754,0
4,true,false,30,0.8259,0.0421,8.1121,1
4,true,false,31,1.1090,0.2384,1.6543,0
4,true,false,32,0.8259,0.2384,2.5605,1
4,true,false,33,0.5427,0.2384,1.9072,1
4,true,false,34,0.2596,0.2384,1.4091,1
4,true,false,35,-0.0236,0.2384,0.7525,1
4,true,false,36,-0.3067,0.2384,1.3550,1
4,true,false,37,-0.5899,0.2384,2.0619,1
4,true,false,38,-0.8730,0.2384,7.0665,1
4,true,false,39,-0.3067,0.4347,2.8122,1
4,true,false,40,-0.0236,0.4347,0.8529,1
4,true,false,41,0.2596,0.4347,2.5557,1
4,true,false,42,0.5427,0.4347,2.3551,1
4,true,false,43,0.8259,0.4347,5.8630,1
4,true,false,44,1.1090,0.4347,10.1202,1
4,true,false,45,1.1090,0.6310,15.3910,1
4,true,false,46,0.8259,0.6310,15.0869,1
4,true,false,47,0.5427,0.6310,8.4350,1
4,true,false,48,0.2596,0.6310,5.2635,1
4,true,false,49,-0.0236,0.6310,10.3986,1
4,true,false,50,-0.3067,0.6310,8.2604,1
4,true,false,51,-0.5899,0.6310,8.4876,1
4,true,false,52,-0.8730,0.6310,26.8714,1
4,true,false,53,-0.5899,0.4347,10.5006,1
4,true,false,54,-0.8730,0.4347,3.0650,1
4,true,false,55,-0.8730,-0.5467,16.2585,1
4,true,false,56,-0.5899,-0.5467,13.4032,1
4,true,false,57,-0.5899,-0.7430,17.3721,1
4,true,false,58,-0.8730,-0.7430,14.6295,1
4,true,false,59,-0.3067,-0.7430,20.3500,1
4,true,false,60,-0.0236,-0.7430,16.9057,1
4,true,false,61,0.5427,-0.7430,16.2772,1
4,true,false,62,0.2596,-0.7430,9.5253,1
4,true,false,63,0.8259,-0.7430,17.0491,1
4,true,false,64,1.1090,-0.7430,15.8526,1
5,true,false,1,1.1090,-0.7430,17.1541,1
5,true,false,2,0.8259,-0.7430,22.8979,1
5,true,false,3,0.5427,-0.7430,21.1814,1
5,true,false,4,0.2596,-0.7430,11.3022,1
5,true,false,5,-0.0236,-0.7430,15.8942,1
5,true,false,6,-0.3067,-0.7430,11.5684,1
5,true,false,7,-0.8730,-0.7430,19.1637,1
5,true,false,8,-0.5899,-0.7430,16.2557,1
5,true,false,9,-0.5899,-0.5467,12.9413,1
5,true,false,10,-0.8730,-0.5467,6.0228,1
5,true,false,11,-0.3067,-0.5467,7.5803,1
5,true,false,12,-0.0236,-0.5467,13.7658,1
5,true,false,13,0.2596,-0.5467,12.0819,1
5,true,false,14,0.5427,-0.5467,7.8192,1
5,true,false,15,0.8259,-0.5467,9.9647,1
5,true,false,16,1.1090,-0.5467,11.8187,1
5,true,false,17,1.1090,-0.3504,34.7435,1
5,true,false,18,0.8259,-0.3504,13.1350,1
5,true,false,19,0.5427,-0.3504,1.7132,1
5,true,false,20,0.2596,-0.3504,1.1560,1
5,true,false,21,-0.0236,-0.3504,1.3591,1
5,true,false,22,-0.3067,-0.3504,4.0781,1
5,true,false,23,-0.8730,-0.3504,6.2006,1
5,true,false,24,-0.5899,-0.3504,1.7052,1
5,true,false,25,-0.8730,-0.1541,2.7108,1
5,true,false,26,-0.5899,-0.1541,1.9230,1
5,true,false,27,-0.3067,-0.1541,1.9596,1
5,true,false,28,-0.0236,-0.1541,1.1575,1
5,true,false,29,0.2596,-0.1541,3.4326,1
5,true,false,30,0.5427,-0.1541,5.2999,1
5,true,false,31,0.8259,-0.1541,77.6369,0
5,true,false,32,1.1090,-0.1541,257.6854,0
5,true,false,33,1.1090,0.0421,146.5531,0
5,true,false,34,0.8259,0.0421,200.8678,0
5,true,false,35,0.5427,0.0421,107.6162,0
5,true,false,36,0.2596,0.0421,2.5673,1
5,true,false,37,-0.0236,0.0421,1.3047,1
5,true,false,38,-0.3067,0.0421,0.9032,1
5,true,false,39,-0.5899,0.0421,2.0590,1
5,true,false,40,-0.8730,0.0421,1.5133,1
5,true,false,41,-0.8730,0.2384,3.4300,1
5,true,false,42,-0.5899,0.2384,4.3981,1
5,true,false,43,-0.3067,0.2384,3.4340,1
5,true,false,44,-0.0236,0.2384,0.9043,1
5,true,false,45,0.2596,0.2384,0.6545,1
5,true,false,46,0.5427,0.2384,1.4668,1
5,true,false,47,1.1090,0.2384,6.2200,1
5,true,false,48,0.8259,0.2384,10.7301,1
5,true,false,49,0.5427,0.4347,2.6585,1
5,true,false,50,0.8259,0.4347,6.5677,1
5,true,false,51,1.1090,0.4347,9.4390,1
5,true,false,52,0.2596,0.4347,9.9194,1
5,true,false,53,-0.0236,0.4347,1.0038,1
5,true,false,54,-0.3067,0.4347,1.6097,1
5,true,false,55,-0.5899,0.4347,2.4058,1
5,true,false,56,-0.8730,0.4347,3.5604,1
5,true,false,57,-0.8730,0.6310,8.6369,1
5,true,false,58,-0.5899,0.6310,12.9834,1
5,true,false,59,-0.3067,0.6310,10.1342,1
5,true,false,60,-0.0236,0.6310,28.5728,1
5,true,false,61,0.5427,0.6310,15.9721,1
5,true,false,62,0.2596,0.6310,9.9256,1
5,true,false,63,0.8259,0.6310,18.2291,1
5,true,false,64,1.1090,0.6310,562.3775,0
1,true,false,1,-0.8730,0.6310,33.1124,1
1,true,false,2,-0.5899,0.6310,29.1070,1
1,true,false,3,-0.3067,0.6310,29.2479,1
1,true,false,4,-0.0236,0.6310,28.9386,1
1,true,false,5,0.2596,0.6310,30.2052,1
1,true,false,6,0.5427,0.6310,29.4273,1
1,true,false,7,0.8259,0.6310,63.2723,1
1,true,false,8,1.1090,0.6310,29.6577,1
1,true,false,9,1.1090,0.4347,31.9544,1
1,true,false,10,0.8259,0.4347,61.5450,1
1,true,false,11,0.5427,0.4347,54.4124,1
1,true,false,12,0.2596,0.4347,28.6146,1
1,true,false,13,-0.0236,0.4347,51.8487,1
1,true,false,14,-0.5899,0.4347,27.1409,1
1,true,false,15,-0.8730,0.4347,29.0127,1
1,true,false,16,-0.3067,0.4347,28.2859,1
1,true,false,17,-0.5899,0.2384,47.9906,1
1,true,false,18,-0.8730,0.2384,31.5249,1
1,true,false,19,-0.3067,0.2384,28.3873,1
1,true,false,20,-0.0236,0.2384,28.1485,1
1,true,false,21,0.2596,0.2384,28.6549,1
1,true,false,22,0.5427,0.2384,28.5689,1
1,true,false,23,0.8259,0.2384,29.0614,1
1,true,false,24,1.1090,0.2384,28.4997,1
1,true,false,25,1.1090,0.0421,33.1702,1
1,true,false,26,0.8259,0.0421,28.8045,1
1,true,false,27,0.5427,0.0421,35.7025,1
1,true,false,28,0.2596,0.0421,42.8817,1
1,true,false,29,-0.0236,0.0421,29.0659,1
1,true,false,30,-0.3067,0.0421,29.3090,1
1,true,false,31,-0.5899,0.0421,28.2712,1
1,true,false,32,-0.8730,0.0421,1620.1932,1
1,true,false,33,-0.8730,-0.1541,30.9083,1
1,true,false,34,-0.5899,-0.1541,53.1065,1
1,true,false,35,-0.3067,-0.1541,28.5239,1
1,true,false,36,-0.0236,-0.1541,29.0155,1
1,true,false,37,0.2596,-0.1541,37.0552,1
1,true,false,38,0.5427,-0.1541,28.8084,1
1,true,false,39,0.8259,-0.1541,286.4234,1
1,true,false,40,1.1090,-0.1541,1189.4008,1
1,true,false,41,0.8259,-0.3504,58.7266,1
1,true,false,42,1.1090,-0.3504,47.8365,1
1,true,false,43,0.5427,-0.3504,33.9928,1
1,true,false,44,0.2596,-0.3504,28.1832,1
1,true,false,45,-0.0236,-0.3504,28.2302,1
1,true,false,46,-0.3067,-0.3504,28.9911,1
1,true,false,47,-0.8730,-0.3504,49.1813,1
1,true,false,48,-0.5899,-0.3504,30.7350,1
1,true,false,49,-0.0236,-0.5467,28.4475,1
1,true,false,50,-0.3067,-0.5467,21.3462,1
1,true,false,51,0.2596,-0.5467,29.4664,1
1,true,false,52,0.5427,-0.5467,29.0318,1
1,true,false,53,0.8259,-0.5467,29.4621,1
1,true,false,54,1.1090,-0.5467,31.1675,1
1,true,false,55,-0.5899,-0.5467,29.5134,1
1,true,false,56,-0.8730,-0.5467,29.6108,1
1,true,false,57,-0.3067,-0.7430,30.4424,1
1,true,false,58,-0.8730,-0.7430,28.5291,1
1,true,false,59,-0.5899,-0.7430,29.9391,1
1,true,false,60,-0.0236,-0.7430,29.4957,1
1,true,false,61,0.2596,-0.7430,31.6084,1
1,true,false,62,0.5427,-0.7430,31.8012,1
1,true,false,63,0.8259,-0.7430,29.7410,1
1,true,false,64,1.1090,-0.7430,29.4775,1
2,true,false,1,1.1090,-0.7430,28.2285,1
2,true,false,2,0.8259,-0.7430,28.3604,1
2,true,false,3,0.5427,-0.7430,31.4698,1
2,true,false,4,0.2596,-0.7430,30.5486,1
2,true,false,5,-0.0236,-0.7430,29.8537,1
2,true,false,6,-0.3067,-0.7430,28.9921,1
2,true,false,7,-0.5899,-0.7430,37.2527,1
2,true,false,8,-0.8730,-0.7430,28.6174,1
2,true,false,9,-0.8730,-0.5467,35.7496,1
2,true,false,10,-0.5899,-0.5467,33.5061,1
2,true,false,11,-0.3067,-0.5467,28.7035,1
2,true,false,12,-0.0236,-0.5467,28.7762,1
2,true,false,13,0.2596,-0.5467,28.2193,1
2,true,false,14,0.5427,-0.5467,32.4372,1
2,true,false,15,1.1090,-0.5467,28.5578,1
2,true,false,16,0.8259,-0.5467,29.7512,1
2,true,false,17,1.1090,-0.3504,57.1283,1
2,true,false,18,0.8259,-0.3504,31.5514,1
2,true,false,19,0.5427,-0.3504,28.6789,1
2,true,false,20,0.2596,-0.3504,28.1699,1
2,true,false,21,-0.0236,-0.3504,29.4558,1
2,true,false,22,-0.3067,-0.3504,42.2253,1
2,true,false,23,-0.5899,-0.3504,29.1806,1
2,true,false,24,-0.8730,-0.3504,29.5814,1
2,true,false,25,-0.5899,-0.1541,29.2069,1
2,true,false,26,-0.8730,-0.1541,28.9110,1
2,true,false,27,-0.3067,-0.1541,28.7573,1
2,true,false,28,-0.0236,-0.1541,39.1419,1
2,true,false,29,0.2596,-0.1541,39.4715,1
2,true,false,30,0.5427,-0.1541,37.7451,1
2,true,false,31,0.8259,-0.1541,157.7493,1
2,true,false,32,1.1090,-0.1541,29.1519,1
2,true,false,33,1.1090,0.0421,6.6287,0
2,true,false,34,0.8259,0.0421,187.5182,0
2,true,false,35,0.5427,0.0421,121.7591,1
2,true,false,36,0.2596,0.0421,29.4169,1
2,true,false,37,-0.0236,0.0421,28.0966,1
2,true,false,38,-0.3067,0.0421,28.5494,1
2,true,false,39,-0.8730,0.0421,234.3793,1
2,true,false,40,-0.5899,0.0421,32.4277,1
2,true,false,41,-0.8730,0.2384,35.9729,1
2,true,false,42,-0.5899,0.2384,33.0862,1
2,true,false,43,-0.3067,0.2384,29.2178,1
2,true,false,44,-0.0236,0.2384,28.8847,1
2,true,false,45,0.2596,0.2384,28.7080,1
2,true,false,46,0.5427,0.2384,61.1149,1
2,true,false,47,0.8259,0.2384,29.1792,1
2,true,false,48,1.1090,0.2384,57.5229,1
2,true,false,49,1.1090,0.4347,31.9585,1
2,true,false,50,0.8259,0.4347,28.6373,1
2,true,false,51,0.5427,0.4347,47.5845,1
2,true,false,52,0.2596,0.4347,31.7404,1
2,true,false,53,-0.0236,0.4347,28.5550,1
2,true,false,54,-0.3067,0.4347,28.8556,1
2,true,false,55,-0.5899,0.4347,29.2144,1
2,true,false,56,-0.8730,0.4347,29.0432,1
2,true,false,57,-0.8730,0.6310,29.9969,1
2,true,false,58,-0.5899,0.6310,28.9038,1
2,true,false,59,-0.3067,0.6310,29.9350,1
2,true,false,60,-0.0236,0.6310,29.1297,1
2,true,false,61,0.2596,0.6310,28.6396,1
2,true,false,62,0.5427,0.6310,31.4277,1
2,true,false,63,0.8259,0.6310,31.1086,1
2,true,false,64,1.1090,0.6310,74.2403,1
1,true,false,1,-0.0236,0.6310,28.2511,1
1,true,false,2,-0.8730,0.6310,30.1458,1
1,true,false,3,-0.5899,0.6310,28.3238,1
1,true,false,4,-0.3067,0.6310,30.1119,1
1,true,false,5,0.2596,0.6310,35.0971,1
1,true,false,6,0.5427,0.6310,55.4594,1
1,true,false,7,1.1090,0.6310,28.2414,1
1,true,false,8,0.8259,0.6310,29.6873,1
1,true,false,9,1.1090,0.4347,74.2882,1
1,true,false,10,0.8259,0.4347,29.0615,1
1,true,false,11,0.5427,0.4347,28.0913,1
1,true,false,12,0.2596,0.4347,28.3214,1
1,true,false,13,-0.0236,0.4347,29.5758,1
1,true,false,14,-0.3067,0.4347,28.6932,1
1,true,false,15,-0.5899,0.4347,38.3690,1
1,true,false,16,-0.8730,0.4347,28.7975,1
1,true,false,17,-0.8730,0.2384,28.6242,1
1,true,false,18,-0.5899,0.2384,29.0391,1
1,true,false,19,-0.3067,0.2384,42.2932,1
1,true,false,20,-0.0236,0.2384,34.4390,1
1,true,false,21,0.2596,0.2384,28.4345,1
1,true,false,22,0.5427,0.2384,28.5234,1
1,true,false,23,0.8259,0.2384,28.1193,1
1,true,false,24,1.1090,0.2384,61.6073,1
1,true,false,25,1.1090,0.0421,4.0099,0
1,true,false,26,0.8259,0.0421,32.0533,1
1,true,false,27,0.5427,0.0421,31.8081,1
1,true,false,28,0.2596,0.0421,28.5388,1
1,true,false,29,-0.0236,0.0421,28.4551,1
1,true,false,30,-0.3067,0.0421,36.0536,1
1,true,false,31,-0.5899,0.0421,28.2600,1
1,true,false,32,-0.8730,0.0421,108.0260,1
1,true,false,33,-0.8730,-0.1541,50.7225,1
1,true,false,34,-0.5899,-0.1541,51.4611,1
1,true,false,35,-0.3067,-0.1541,28.5493,1
1,true,false,36,-0.0236,-0.1541,28.3663,1
1,true,false,37,0.2596,-0.1541,40.8410,1
1,true,false,38,0.5427,-0.1541,28.2103,1
1,true,false,39,0.8259,-0.1541,1400.7750,0
1,true,false,40,1.1090,-0.1541,304.8935,1
1,true,false,41,1.1090,-0.3504,77.2838,1
1,true,false,42,0.8259,-0.3504,59.4379,1
1,true,false,43,0.5427,-0.3504,55.2138,1
1,true,false,44,0.2596,-0.3504,40.3707,1
1,true,false,45,-0.0236,-0.3504,28.1249,1
1,true,false,46,-0.8730,-0.3504,35.6317,1
1,true,false,47,-0.5899,-0.3504,65.8645,1
1,true,false,48,-0.3067,-0.3504,28.4805,1
1,true,false,49,-0.0236,-0.5467,28.2240,1
1,true,false,50,-0.3067,-0.5467,30.1103,1
1,true,false,51,-0.8730,-0.5467,73.5428,1
1,true,false,52,-0.5899,-0.5467,30.9387,1
1,true,false,53,0.2596,-0.5467,28.5448,1
1,true,false,54,0.5427,-0.5467,29.8194,1
1,true,false,55,0.8259,-0.5467,33.7590,1
1,true,false,56,1.1090,-0.5467,29.0386,1
1,true,false,57,0.8259,-0.7430,29.1028,1
1,true,false,58,1.1090,-0.7430,31.8370,1
1,true,false,59,0.5427,-0.7430,28.1749,1
1,true,false,60,0.2596,-0.7430,29.2302,1
1,true,false,61,-0.0236,-0.7430,29.7044,1
1,true,false,62,-0.5899,-0.7430,29.3539,1
1,true,false,63,-0.3067,-0.7430,28.1585,1
1,true,false,64,-0.8730,-0.7430,31.2119,1
2,true,false,1,-0.8730,-0.7430,28.4598,1
2,true,false,2,-0.5899,-0.7430,29.4464,1
2,true,false,3,-0.3067,-0.7430,28.1857,1
2,true,false,4,-0.0236,-0.7430,29.3619,1
2,true,false,5,0.2596,-0.7430,30.5613,1
2,true,false,6,0.5427,-0.7430,30.9751,1
2,true,false,7,0.8259,-0.7430,82.0595,1
2,true,false,8,1.1090,-0.7430,33.2133,1
2,true,false,9,1.1090,-0.5467,33.4997,1
2,true,false,10,0.8259,-0.5467,28.5830,1
2,true,false,11,0.5427,-0.5467,28.2324,1
2,true,false,12,0.2596,-0.5467,53.8354,1
2,true,false,13,-0.0236,-0.5467,28.3224,1
2,true,false,14,-0.3067,-0.5467,30.0484,1
2,true,false,15,-0.5899,-0.5467,30.5864,1
2,true,false,16,-0.8730,-0.5467,29.3657,1
2,true,false,17,-0.8730,-0.3504,28.3674,1
2,true,false,18,-0.5899,-0.3504,28.7263,1
2,true,false,19,-0.3067,-0.3504,50.0525,1
2,true,false,20,-0.0236,-0.3504,39.0444,1
2,true,false,21,0.2596,-0.3504,28.5166,1
2,true,false,22,0.5427,-0.3504,28.6400,1
2,true,false,23,0.8259,-0.3504,28.5472,1
2,true,false,24,1.1090,-0.3504,28.7040,1
2,true,false,25,1.1090,-0.1541,28.4703,1
2,true,false,26,0.8259,-0.1541,29.7027,1
2,true,false,27,0.5427,-0.1541,105.3488,1
2,true,false,28,0.2596,-0.1541,114.5334,1
2,true,false,29,-0.0236,-0.1541,90.1477,1
2,true,false,30,-0.3067,-0.1541,56.8543,1
2,true,false,31,-0.5899,-0.1541,31.4609,1
2,true,false,32,-0.8730,-0.1541,28.6045,1
2,true,false,33,-0.8730,0.0421,29.1583,1
2,true,false,34,-0.5899,0.0421,50.6084,1
2,true,false,35,-0.3067,0.0421,29.9444,1
2,true,false,36,-0.0236,0.0421,38.9961,1
2,true,false,37,0.2596,0.0421,32.1544,1
2,true,false,38,0.5427,0.0421,37.9290,1
2,true,false,39,0.8259,0.0421,1620.6473,0
2,true,false,40,1.1090,0.0421,1161.3920,1
2,true,false,41,1.1090,0.2384,33.5898,1
2,true,false,42,0.8259,0.2384,28.8517,1
2,true,false,43,0.5427,0.2384,29.3857,1
2,true,false,44,0.2596,0.2384,28.2752,1
2,true,false,45,-0.0236,0.2384,41.4399,1
2,true,false,46,-0.3067,0.2384,28.8052,1
2,true,false,47,-0.5899,0.2384,38.4600,1
2,true,false,48,-0.8730,0.2384,46.5494,1
2,true,false,49,-0.8730,0.4347,28.9593,1
2,true,false,50,-0.5899,0.4347,30.1115,1
2,true,false,51,-0.3067,0.4347,28.8046,1
2,true,false,52,-0.0236,0.4347,29.5353,1
2,true,false,53,0.2596,0.4347,41.1604,1
2,true,false,54,0.5427,0.4347,31.5507,1
2,true,false,55,0.8259,0.4347,30.1017,1
2,true,false,56,1.1090,0.4347,28.4150,1
2,true,false,57,1.1090,0.6310,30.3848,1
2,true,false,58,0.8259,0.6310,78.8960,1
2,true,false,59,0.5427,0.6310,31.2630,1
2,true,false,60,0.2596,0.6310,29.4854,1
2,true,false,61,-0.0236,0.6310,31.4817,1
2,true,false,62,-0.3067,0.6310,28.9252,1
2,true,false,63,-0.5899,0.6310,29.3132,1
2,true,false,64,-0.8730,0.6310,30.0339,1
1,true,false,1,-0.0236,0.6310,8.8663,1
1,true,false,2,0.2596,0.6310,11.4822,1
1,true,false,3,0.5427,0.6310,9.8760,1
1,true,false,4,1.1090,0.6310,19.1348,1
1,true,false,5,0.8259,0.6310,38.9901,1
1,true,false,6,-0.3067,0.6310,17.9983,1
1,true,false,7,-0.5899,0.6310,13.5716,1
1,true,false,8,-0.8730,0.6310,16.6315,1
1,true,false,9,-0.5899,0.4347,7.8451,1
1,true,false,10,-0.8730,0.4347,6.3113,1
1,true,false,11,-0.3067,0.4347,4.7632,1
1,true,false,12,-0.0236,0.4347,0.8527,1
1,true,false,13,0.2596,0.4347,1.8039,1
1,true,false,14,0.5427,0.4347,3.1068,1
1,true,false,15,0.8259,0.4347,7.4746,1
1,true,false,16,1.1090,0.4347,6.6166,1
1,true,false,17,1.1090,0.2384,4.3150,1
1,true,false,18,0.8259,0.2384,2.2045,1
1,true,false,19,0.5427,0.2384,1.0567,1
1,true,false,20,0.2596,0.2384,0.9026,1
1,true,false,21,-0.0236,0.2384,0.4523,1
1,true,false,22,-0.3067,0.2384,0.4015,1
1,true,false,23,-0.8730,0.2384,3.5911,1
1,true,false,24,-0.5899,0.2384,3.1681,1
1,true,false,25,-0.8730,0.0421,2.9096,1
1,true,false,26,-0.5899,0.0421,2.7558,1
1,true,false,27,-0.3067,0.0421,1.5056,1
1,true,false,28,-0.0236,0.0421,1.1103,1
1,true,false,29,0.2596,0.0421,1.3531,1
1,true,false,30,0.5427,0.0421,1.7048,1
1,true,false,31,0.8259,0.0421,314.4341,0
1,true,false,32,1.1090,0.0421,111.2784,1
1,true,false,33,1.1090,-0.1541,4.5000,0
1,true,false,34,0.8259,-0.1541,8.7921,1
1,true,false,35,0.5427,-0.1541,2.6638,1
1,true,false,36,0.2596,-0.1541,1.2067,1
1,true,false,37,-0.0236,-0.1541,1.0028,1
1,true,false,38,-0.3067,-0.1541,1.0045,1
1,true,false,39,-0.5899,-0.1541,1.4539,1
1,true,false,40,-0.8730,-0.1541,9.4883,1
1,true,false,41,-0.5899,-0.3504,2.9087,1
1,true,false,42,-0.8730,-0.3504,1.2600,1
1,true,false,43,-0.3067,-0.3504,0.8530,1
1,true,false,44,-0.0236,-0.3504,0.6547,1
1,true,false,45,0.2596,-0.3504,0.7525,1
1,true,false,46,0.5427,-0.3504,0.8551,1
1,true,false,47,0.8259,-0.3504,1.1534,1
1,true,false,48,1.1090,-0.3504,10.0733,1
1,true,false,49,0.8259,-0.5467,10.9776,1
1,true,false,50,1.1090,-0.5467,7.8649,1
1,true,false,51,0.5427,-0.5467,9.8216,1
1,true,false,52,0.2596,-0.5467,9.3841,1
1,true,false,53,-0.0236,-0.5467,8.3658,1
1,true,false,54,-0.3067,-0.5467,4.7620,1
1,true,false,55,-0.5899,-0.5467,10.4167,1
1,true,false,56,-0.8730,-0.5467,6.4130,1
1,true,false,57,-0.3067,-0.7430,10.4280,1
1,true,false,58,-0.5899,-0.7430,14.5877,1
1,true,false,59,-0.8730,-0.7430,21.5687,1
1,true,false,60,-0.0236,-0.7430,14.6412,1
1,true,false,61,0.2596,-0.7430,13.2385,1
1,true,false,62,0.5427,-0.7430,20.0711,1
1,true,false,63,0.8259,-0.7430,19.9922,1
1,true,false,64,1.1090,-0.7430,27.6185,1
2,true,false,1,1.1090,-0.7430,21.8721,1
2,true,false,2,0.8259,-0.7430,21.2060,1
2,true,false,3,0.2596,-0.7430,23.2846,1
2,true,false,4,-0.8730,-0.7430,26.5461,1
2,true,false,5,-0.5899,-0.7430,13.4330,1
2,true,false,6,-0.3067,-0.7430,15.5677,1
2,true,false,7,-0.0236,-0.7430,12.3157,1
2,true,false,8,0.5427,-0.7430,17.7108,1
2,true,false,9,0.8259,-0.5467,13.5934,1
2,true,false,10,1.1090,-0.5467,20.3293,1
2,true,false,11,1.1090,-0.3504,17.8584,1
2,true,false,12,0.8259,-0.3504,5.2308,1
2,true,false,13,1.1090,-0.1541,3.7618,1
2,true,false,14,0.5427,-0.1541,27.1573,1
2,true,false,15,0.2596,-0.1541,1.4664,1
2,true,false,16,-0.0236,-0.1541,1.0545,1
2,true,false,17,-0.3067,-0.1541,1.3090,1
2,true,false,18,-0.5899,-0.1541,6.3720,1
2,true,false,19,-0.8730,-0.1541,7.3489,1
2,true,false,20,-0.8730,0.0421,5.8342,1
2,true,false,21,-0.5899,0.0421,2.6576,1
2,true,false,22,-0.3067,0.0421,9.6779,1
2,true,false,23,-0.0236,0.0421,1.9738,1
2,true,false,24,0.2596,0.0421,1.3086,1
2,true,false,25,0.5427,0.0421,1.9596,1
2,true,false,26,0.8259,0.0421,296.2077,0
2,true,false,27,1.1090,0.0421,801.4098,0
2,true,false,28,1.1090,0.2384,33.8943,1
2,true,false,29,0.8259,0.6310,8.9199,1
2,true,false,30,0.2596,0.6310,16.7825,1
2,true,false,31,-0.0236,0.6310,15.4283,1
2,true,false,32,-0.8730,0.6310,9.8830,1
2,true,false,33,-0.5899,0.6310,9.4895,1
2,true,false,34,-0.3067,0.6310,11.1137,1
2,true,false,35,0.5427,0.6310,15.9374,1
2,true,false,36,1.1090,0.6310,21.1392,1
2,true,false,37,1.1090,0.4347,20.3063,1
2,true,false,38,0.8259,0.4347,5.4160,1
2,true,false,39,0.5427,0.4347,3.6073,1
2,true,false,40,0.2596,0.4347,1.4541,1
2,true,false,41,-0.0236,0.4347,2.2058,1
2,true,false,42,-0.3067,0.4347,1.3530,1
2,true,false,43,-0.8730,0.4347,6.5040,1
2,true,false,44,-0.5899,0.4347,2.8618,1
2,true,false,45,-0.8730,0.2384,3.8083,1
2,true,false,46,-0.5899,0.2384,1.3035,1
2,true,false,47,-0.3067,0.2384,1.2048,1
2,true,false,48,-0.0236,0.2384,0.5529,1
2,true,false,49,0.2596,0.2384,1.9225,1
2,true,false,50,0.5427,0.2384,3.1803,1
2,true,false,51,0.8259,0.2384,1.4031,1
2,true,false,52,0.8259,-0.1541,658.0478,0
2,true,false,53,0.5427,-0.3504,496.1863,1
2,true,false,54,0.2596,-0.3504,0.7537,1
2,true,false,55,-0.0236,-0.3504,0.6525,1
2,true,false,56,-0.3067,-0.3504,0.7033,1
2,true,false,57,-0.5899,-0.3504,0.9526,1
2,true,false,58,-0.8730,-0.3504,1.4070,1
2,true,false,59,-0.8730,-0.5467,5.4784,1
2,true,false,60,-0.5899,-0.5467,8.7160,1
2,true,false,61,-0.3067,-0.5467,6.4121,1
2,true,false,62,-0.0236,-0.5467,6.2647,1
2,true,false,63,0.2596,-0.5467,7.1120,1
2,true,false,64,0.5427,-0.5467,6.4722,1
3,true,false,1,0.5427,-0.5467,4.2087,1
3,true,false,2,-0.0236,-0.5467,11.3208,1
3,true,false,3,-0.3067,-0.5467,10.0661,1
3,true,false,4,-0.5899,-0.5467,10.0183,1
3,true,false,5,-0.8730,-0.5467,5.3127,1
3,true,false,6,-0.5899,-0.7430,10.6183,1
3,true,false,7,-0.8730,-0.7430,11.3517,1
3,true,false,8,-0.3067,-0.7430,11.9345,1
3,true,false,9,-0.0236,-0.7430,16.4535,1
3,true,false,10,0.2596,-0.7430,17.0209,1
3,true,false,11,0.5427,-0.7430,10.5307,1
3,true,false,12,0.8259,-0.7430,24.8917,1
3,true,false,13,1.1090,-0.7430,13.4300,1
3,true,false,14,1.1090,-0.5467,27.2174,1
3,true,false,15,0.8259,-0.5467,13.6260,1
3,true,false,16,0.2596,-0.5467,13.7252,1
3,true,false,17,0.2596,-0.3504,4.0229,1
3,true,false,18,-0.0236,-0.3504,1.4536,1
3,true,false,19,-0.8730,-0.3504,1.4094,1
3,true,false,20,-0.5899,-0.3504,1.2085,1
3,true,false,21,-0.3067,-0.3504,1.1036,1
3,true,false,22,0.5427,-0.3504,1.5283,1
3,true,false,23,0.8259,-0.3504,1.5066,1
3,true,false,24,1.1090,-0.3504,3.7583,1
3,true,false,25,1.1090,-0.1541,12.7275,1
3,true,false,26,0.8259,-0.1541,13.6650,1
3,true,false,27,0.5427,-0.1541,7.9688,1
3,true,false,28,0.2596,-0.1541,1.2037,1
3,true,false,29,-0.0236,-0.1541,1.5085,1
3,true,false,30,-0.3067,-0.1541,3.4908,1
3,true,false,31,-0.5899,-0.1541,3.0358,1
3,true,false,32,-0.8730,-0.1541,2.3588,1
3,true,false,33,-0.8730,0.0421,4.1590,1
3,true,false,34,-0.5899,0.0421,3.2143,1
3,true,false,35,-0.3067,0.0421,6.6436,1
3,true,false,36,-0.0236,0.0421,2.6271,1
3,true,false,37,0.2596,0.0421,1.0530,1
3,true,false,38,1.1090,0.0421,644.7368,0
3,true,false,39,0.8259,0.0421,296.6639,0
3,true,false,40,0.5427,0.0421,3.9742,1
3,true,false,41,1.1090,0.2384,51.1283,1
3,true,false,42,0.8259,0.2384,2.9064,1
3,true,false,43,0.5427,0.2384,0.8042,1
3,true,false,44,0.2596,0.2384,2.5619,1
3,true,false,45,-0.0236,0.2384,1.4601,1
3,true,false,46,-0.3067,0.2384,2.3214,1
3,true,false,47,-0.5899,0.2384,1.1053,1
3,true,false,48,-0.8730,0.2384,1.2560,1
3,true,false,49,-0.8730,0.4347,1.2563,1
3,true,false,50,-0.5899,0.4347,3.8573,1
3,true,false,51,-0.3067,0.4347,3.7080,1
3,true,false,52,-0.0236,0.4347,2.5813,1
3,true,false,53,0.2596,0.4347,2.7181,1
3,true,false,54,0.5427,0.4347,3.9664,1
3,true,false,55,0.8259,0.4347,0.9527,1
3,true,false,56,1.1090,0.4347,14.2248,1
3,true,false,57,1.1090,0.6310,15.0913,1
3,true,false,58,0.8259,0.6310,27.7202,1
3,true,false,59,0.5427,0.6310,14.1162,1
3,true,false,60,0.2596,0.6310,11.3225,1
3,true,false,61,-0.0236,0.6310,11.9225,1
3,true,false,62,-0.3067,0.6310,30.0556,1
3,true,false,63,-0.8730,0.6310,23.7206,1
3,true,false,64,-0.5899,0.6310,24.5445,1
4,true,false,1,-0.5899,0.6310,7.7714,1
4,true,false,2,-0.8730,0.6310,14.9857,1
4,true,false,3,-0.3067,0.6310,13.7424,1
4,true,false,4,-0.0236,0.6310,10.4294,1
4,true,false,5,0.2596,0.6310,16.6797,1
4,true,false,6,0.5427,0.6310,15.5777,1
4,true,false,7,0.8259,0.6310,10.2816,1
4,true,false,8,1.1090,0.6310,18.6922,1
4,true,false,9,1.1090,0.4347,14.3248,1
4,true,false,10,0.8259,0.4347,11.7325,1
4,true,false,11,0.5427,0.4347,4.2651,1
4,true,false,12,0.2596,0.4347,2.6057,1
4,true,false,13,-0.0236,0.4347,2.8564,1
4,true,false,14,-0.3067,0.4347,3.0138,1
4,true,false,15,-0.5899,0.4347,5.4382,1
4,true,false,16,-0.8730,0.4347,3.7136,1
4,true,false,17,-0.8730,0.2384,2.3077,1
4,true,false,18,-0.5899,0.2384,0.8528,1
4,true,false,19,-0.3067,0.2384,0.8027,1
4,true,false,20,-0.0236,0.2384,0.5524,1
4,true,false,21,0.2596,0.2384,0.8027,1
4,true,false,22,0.5427,0.2384,4.7910,1
4,true,false,23,0.8259,0.2384,3.9563,1
4,true,false,24,1.1090,0.2384,2.6306,1
4,true,false,25,1.1090,0.0421,5.8638,1
4,true,false,26,0.8259,0.0421,4.9639,1
4,true,false,27,0.5427,0.0421,10.9405,1
4,true,false,28,0.2596,0.0421,3.9156,1
4,true,false,29,-0.0236,0.0421,1.3041,1
4,true,false,30,-0.3067,0.0421,1.4613,1
4,true,false,31,-0.5899,0.0421,1.7039,1
4,true,false,32,-0.8730,0.0421,735.4336,1
4,true,false,33,-0.8730,-0.1541,17.6299,1
4,true,false,34,-0.5899,-0.1541,2.7081,1
4,true,false,35,-0.3067,-0.1541,1.9599,1
4,true,false,36,-0.0236,-0.1541,1.0046,1
4,true,false,37,0.2596,-0.1541,1.3531,1
4,true,false,38,0.5427,-0.1541,1.4538,1
4,true,false,39,0.8259,-0.1541,536.5731,0
4,true,false,40,1.1090,-0.1541,146.7842,0
4,true,false,41,1.1090,-0.3504,8.9490,1
4,true,false,42,0.8259,-0.3504,4.4632,1
4,true,false,43,0.5427,-0.3504,2.1563,1
4,true,false,44,0.2596,-0.3504,5.2930,1
4,true,false,45,-0.0236,-0.3504,3.7794,1
4,true,false,46,-0.8730,-0.3504,4.2117,1
4,true,false,47,-0.5899,-0.3504,1.4573,1
4,true,false,48,-0.3067,-0.3504,1.3052,1
4,true,false,49,-0.0236,-0.5467,7.5281,1
4,true,false,50,0.2596,-0.5467,13.8286,1
4,true,false,51,1.1090,-0.5467,7.6290,1
4,true,false,52,0.8259,-0.5467,13.4065,1
4,true,false,53,0.5427,-0.5467,8.1834,1
4,true,false,54,-0.3067,-0.5467,10.9828,1
4,true,false,55,-0.8730,-0.5467,7.5270,1
4,true,false,56,-0.5899,-0.5467,16.1556,1
4,true,false,57,-0.5899,-0.7430,15.6279,1
4,true,false,58,-0.8730,-0.7430,26.9204,1
4,true,false,59,-0.3067,-0.7430,15.9888,1
4,true,false,60,-0.0236,-0.7430,18.1942,1
4,true,false,61,0.2596,-0.7430,14.9815,1
4,true,false,62,0.8259,-0.7430,11.5019,1
4,true,false,63,0.5427,-0.7430,11.6228,1
4,true,false,64,1.1090,-0.7430,19.1918,1
1,true,false,1,0.2596,-0.3504,3.1597,1
1,true,false,2,-0.0236,-0.3504,0.6521,1
1,true,false,3,-0.3067,-0.3504,0.3519,1
1,true,false,4,-0.5899,-0.3504,0.7022,1
1,true,false,5,-0.8730,-0.3504,1.0530,1
1,true,false,6,-0.8730,-0.5467,3.6087,1
1,true,false,7,-0.5899,-0.5467,8.9021,1
1,true,false,8,-0.3067,-0.5467,5.5405,1
1,true,false,9,-0.3067,-0.7430,30.1749,1
1,true,false,10,-0.8730,-0.7430,16.4204,1
1,true,false,11,-0.5899,-0.7430,16.3127,1
1,true,false,12,-0.0236,-0.7430,16.2624,1
1,true,false,13,0.2596,-0.7430,13.0810,1
1,true,false,14,0.5427,-0.7430,26.6625,1
1,true,false,15,0.8259,-0.7430,17.1926,1
1,true,false,16,1.1090,-0.7430,14.2349,1
1,true,false,17,1.1090,-0.5467,16.4272,1
1,true,false,18,0.8259,-0.5467,17.3809,1
1,true,false,19,0.5427,-0.5467,7.6855,1
1,true,false,20,0.2596,-0.5467,3.1160,1
1,true,false,21,-0.0236,-0.5467,10.9232,1
1,true,false,22,0.5427,-0.3504,7.0664,1
1,true,false,23,1.1090,-0.3504,4.5091,1
1,true,false,24,0.8259,-0.3504,5.4626,1
1,true,false,25,1.1090,-0.1541,6.9342,1
1,true,false,26,0.8259,-0.1541,8.5523,1
1,true,false,27,0.5427,-0.1541,13.1893,1
1,true,false,28,0.2596,-0.1541,18.9944,1
1,true,false,29,-0.0236,-0.1541,3.0628,1
1,true,false,30,-0.3067,-0.1541,4.7625,1
1,true,false,31,-0.5899,-0.1541,15.1146,1
1,true,false,32,-0.8730,-0.1541,13.1880,1
1,true,false,33,-0.8730,0.0421,6.3509,1
1,true,false,34,-0.5899,0.0421,7.5148,1
1,true,false,35,-0.3067,0.0421,1.5545,1
1,true,false,36,-0.0236,0.0421,1.1551,1
1,true,false,37,0.2596,0.0421,1.0031,1
1,true,false,38,0.5427,0.0421,1.9581,1
1,true,false,39,1.1090,0.0421,2168.5218,0
1,true,false,40,0.8259,0.0421,1887.0494,0
1,true,false,41,1.1090,0.2384,59.1728,1
1,true,false,42,0.8259,0.2384,2.8572,1
1,true,false,43,0.5427,0.2384,1.5568,1
1,true,false,44,0.2596,0.2384,0.6524,1
1,true,false,45,-0.0236,0.2384,0.6556,1
1,true,false,46,-0.3067,0.2384,2.1312,1
1,true,false,47,-0.5899,0.2384,2.7829,1
1,true,false,48,-0.8730,0.2384,1.4041,1
1,true,false,49,-0.5899,0.4347,2.8562,1
1,true,false,50,-0.8730,0.4347,4.8088,1
1,true,false,51,-0.3067,0.4347,3.6591,1
1,true,false,52,-0.0236,0.4347,2.8238,1
1,true,false,53,0.2596,0.4347,4.2690,1
1,true,false,54,0.5427,0.4347,0.9542,1
1,true,false,55,0.8259,0.4347,3.6067,1
1,true,false,56,1.1090,0.4347,7.7146,1
1,true,false,57,1.1090,0.6310,34.9283,1
1,true,false,58,0.8259,0.6310,17.9385,1
1,true,false,59,0.5427,0.6310,26.0617,1
1,true,false,60,0.2596,0.6310,8.2409,1
1,true,false,61,-0.0236,0.6310,12.3734,1
1,true,false,62,-0.5899,0.6310,25.9773,1
1,true,false,63,-0.8730,0.6310,10.0350,1
1,true,false,64,-0.3067,0.6310,14.1278,1
2,true,false,1,-0.0236,0.6310,9.4203,1
2,true,false,2,0.5427,0.6310,12.3773,1
2,true,false,3,0.8259,0.6310,11.3492,1
2,true,false,4,1.1090,0.6310,20.2497,1
2,true,false,5,0.2596,0.6310,22.6317,1
2,true,false,6,-0.8730,0.6310,12.8892,1
2,true,false,7,-0.5899,0.6310,18.9410,1
2,true,false,8,-0.3067,0.6310,6.8645,1
2,true,false,9,-0.8730,0.4347,13.2308,1
2,true,false,10,-0.5899,0.4347,3.0867,1
2,true,false,11,-0.3067,0.4347,3.6678,1
2,true,false,12,-0.0236,0.4347,3.0566,1
2,true,false,13,0.2596,0.4347,2.2060,1
2,true,false,14,0.5427,0.4347,4.1582,1
2,true,false,15,0.8259,0.4347,4.6091,1
2,true,false,16,1.1090,0.4347,8.3722,1
2,true,false,17,1.1090,0.2384,10.1561,1
2,true,false,18,0.8259,0.2384,5.1411,1
2,true,false,19,0.5427,0.2384,1.6042,1
2,true,false,20,0.2596,0.2384,0.6546,1
2,true,false,21,-0.0236,0.2384,0.6020,1
2,true,false,22,-0.3067,0.2384,0.8526,1
2,true,false,23,-0.5899,0.2384,1.0035,1
2,true,false,24,-0.8730,0.2384,1.5032,1
2,true,false,25,-0.8730,0.0421,3.6632,1
2,true,false,26,-0.5899,0.0421,15.4182,1
2,true,false,27,-0.3067,0.0421,1.5538,1
2,true,false,28,-0.0236,0.0421,1.1537,1
2,true,false,29,0.2596,0.0421,0.9025,1
2,true,false,30,0.5427,0.0421,2.0057,1
2,true,false,31,0.8259,0.0421,88.6571,1
2,true,false,32,1.1090,0.0421,7.1650,1
2,true,false,33,0.8259,-0.1541,5.5162,1
2,true,false,34,1.1090,-0.1541,0.0509,0
2,true,false,35,0.5427,-0.1541,3.7110,1
2,true,false,36,0.2596,-0.1541,4.9920,1
2,true,false,37,-0.0236,-0.1541,2.4632,1
2,true,false,38,-0.3067,-0.1541,1.2029,1
2,true,false,39,-0.8730,-0.1541,52.1076,1
2,true,false,40,-0.5899,-0.1541,3.4646,1
2,true,false,41,-0.5899,-0.3504,3.4101,1
2,true,false,42,-0.8730,-0.3504,1.7040,1
2,true,false,43,-0.3067,-0.3504,1.2040,1
2,true,false,44,-0.0236,-0.3504,1.6675,1
2,true,false,45,1.1090,-0.3504,9.5432,1
2,true,false,46,0.8259,-0.3504,3.1082,1
2,true,false,47,0.5427,-0.3504,1.7040,1
2,true,false,48,0.2596,-0.3504,1.0527,1
2,true,false,49,-0.0236,-0.5467,8.6170,1
2,true,false,50,-0.3067,-0.5467,4.8602,1
2,true,false,51,-0.5899,-0.5467,15.8519,1
2,true,false,52,-0.8730,-0.5467,19.4859,1
2,true,false,53,0.2596,-0.5467,8.9953,1
2,true,false,54,0.5427,-0.5467,8.7652,1
2,true,false,55,0.8259,-0.5467,18.0428,1
2,true,false,56,1.1090,-0.5467,13.3389,1
2,true,false,57,0.8259,-0.7430,14.3759,1
2,true,false,58,1.1090,-0.7430,25.2314,1
2,true,false,59,0.5427,-0.7430,14.9330,1
2,true,false,60,0.2596,-0.7430,18.3485,1
2,true,false,61,-0.0236,-0.7430,14.6234,1
2,true,false,62,-0.3067,-0.7430,19.9396,1
2,true,false,63,-0.5899,-0.7430,18.9475,1
2,true,false,64,-0.8730,-0.7430,15.3312,1
1,true,false,1,-0.5899,0.6310,31.2037,1
1,true,false,2,-0.8730,0.6310,25.6295,1
1,true,false,3,-0.3067,0.6310,17.4393,1
1,true,false,4,-0.0236,0.6310,17.0316,1
1,true,false,5,0.2596,0.6310,15.0305,1
1,true,false,6,0.5427,0.6310,28.4302,1
1,true,false,7,0.8259,0.6310,14.5404,1
1,true,false,8,1.1090,0.6310,25.5031,1
1,true,false,9,1.1090,0.4347,34.4114,1
1,true,false,10,0.8259,0.4347,12.8798,1
1,true,false,11,0.5427,0.4347,11.1218,1
1,true,false,12,0.2596,0.4347,9.4318,1
1,true,false,13,-0.0236,0.4347,8.5202,1
1,true,false,14,-0.3067,0.4347,14.0791,1
1,true,false,15,-0.5899,0.4347,8.6957,1
1,true,false,16,-0.8730,0.4347,10.8810,1
1,true,false,17,-0.8730,0.2384,8.9159,1
1,true,false,18,-0.5899,0.2384,2.5058,1
1,true,false,19,-0.3067,0.2384,8.0504,1
1,true,false,20,-0.0236,0.2384,2.8095,1
1,true,false,21,0.2596,0.2384,1.9542,1
1,true,false,22,0.5427,0.2384,2.0044,1
1,true,false,23,1.1090,0.2384,6.5647,1
1,true,false,24,0.8259,0.2384,10.2462,1
1,true,false,25,1.1090,0.0421,13.6323,1
1,true,false,26,0.8259,0.0421,14.0866,1
1,true,false,27,0.5427,0.0421,10.4817,1
1,true,false,28,0.2596,0.0421,3.1558,1
1,true,false,29,-0.0236,0.0421,2.2591,1
1,true,false,30,-0.3067,0.0421,2.1578,1
1,true,false,31,-0.8730,0.0421,855.9622,1
1,true,false,32,-0.5899,0.0421,2.5557,1
1,true,false,33,-0.8730,-0.1541,5.8639,1
1,true,false,34,-0.5899,-0.1541,4.5705,1
1,true,false,35,-0.3067,-0.1541,3.0872,1
1,true,false,36,-0.0236,-0.1541,4.9123,1
1,true,false,37,0.2596,-0.1541,2.6114,1
1,true,false,38,0.5427,-0.1541,1.7541,1
1,true,false,39,0.8259,-0.1541,2749.6973,0
1,true,false,40,1.1090,-0.1541,2223.6419,1
1,true,false,41,1.1090,-0.3504,21.4926,1
1,true,false,42,0.8259,-0.3504,17.9951,1
1,true,false,43,0.5427,-0.3504,7.3648,1
1,true,false,44,0.2596,-0.3504,7.2137,1
1,true,false,45,-0.0236,-0.3504,4.5611,1
1,true,false,46,-0.3067,-0.3504,13.0882,1
1,true,false,47,-0.5899,-0.3504,5.3151,1
1,true,false,48,-0.8730,-0.3504,6.6124,1
1,true,false,49,-0.8730,-0.5467,13.3277,1
1,true,false,50,-0.5899,-0.5467,18.5955,1
1,true,false,51,-0.3067,-0.5467,15.5835,1
1,true,false,52,-0.0236,-0.5467,15.8283,1
1,true,false,53,0.2596,-0.5467,11.5212,1
1,true,false,54,0.5427,-0.5467,14.9490,1
1,true,false,55,1.1090,-0.5467,20.3859,1
1,true,false,56,0.8259,-0.5467,22.4646,1
1,true,false,57,1.1090,-0.7430,25.0079,1
1,true,false,58,0.8259,-0.7430,31.2235,1
1,true,false,59,0.5427,-0.7430,24.6079,1
1,true,false,60,0.2596,-0.7430,24.5409,1
1,true,false,61,-0.0236,-0.7430,30.8021,1
1,true,false,62,-0.3067,-0.7430,29.3728,1
1,true,false,63,-0.5899,-0.7430,23.4003,1
1,true,false,64,-0.8730,-0.7430,21.5254,1
2,true,false,1,-0.8730,-0.7430,23.5677,1
2,true,false,2,-0.5899,-0.7430,25.9828,1
2,true,false,3,-0.0236,-0.7430,29.5800,1
2,true,false,4,-0.3067,-0.7430,29.3281,1
2,true,false,5,0.2596,-0.7430,31.6103,1
2,true,false,6,0.5427,-0.7430,17.8934,1
2,true,false,7,0.8259,-0.7430,30.1342,1
2,true,false,8,1.1090,-0.7430,30.5843,1
2,true,false,9,0.8259,-0.5467,28.1639,1
2,true,false,10,1.1090,-0.5467,16.1352,1
2,true,false,11,0.5427,-0.5467,21.0387,1
2,true,false,12,0.2596,-0.5467,22.4654,1
2,true,false,13,-0.0236,-0.5467,12.9229,1
2,true,false,14,-0.3067,-0.5467,26.9649,1
2,true,false,15,-0.5899,-0.5467,14.8308,1
2,true,false,16,-0.8730,-0.5467,23.8315,1
2,true,false,17,-0.5899,-0.3504,21.3372,1
2,true,false,18,-0.8730,-0.3504,9.1759,1
2,true,false,19,-0.3067,-0.3504,7.7697,1
2,true,false,20,-0.0236,-0.3504,4.5630,1
2,true,false,21,0.2596,-0.3504,6.2120,1
2,true,false,22,0.5427,-0.3504,10.1198,1
2,true,false,23,1.1090,-0.3504,17.3627,1
2,true,false,24,0.8259,-0.3504,8.2738,1
2,true,false,25,1.1090,-0.1541,19.6402,1
2,true,false,26,0.8259,-0.1541,28.6752,1
2,true,false,27,0.5427,-0.1541,3.0595,1
2,true,false,28,0.2596,-0.1541,2.2612,1
2,true,false,29,-0.0236,-0.1541,2.0045,1
2,true,false,30,-0.3067,-0.1541,1.1030,1
2,true,false,31,-0.5899,-0.1541,2.9079,1
2,true,false,32,-0.8730,-0.1541,2.9120,1
2,true,false,33,-0.8730,0.0421,12.9949,1
2,true,false,34,-0.5899,0.0421,5.0605,1
2,true,false,35,-0.3067,0.0421,3.6675,1
2,true,false,36,-0.0236,0.0421,2.1068,1
2,true,false,37,0.2596,0.0421,2.3587,1
2,true,false,38,0.5427,0.0421,8.1465,1
2,true,false,39,0.8259,0.0421,163.6702,1
2,true,false,40,1.1090,0.0421,23.0963,1
2,true,false,41,1.1090,0.2384,2643.2828,1
2,true,false,42,0.8259,0.2384,13.5266,1
2,true,false,43,0.5427,0.2384,9.1167,1
2,true,false,44,0.2596,0.2384,4.0602,1
2,true,false,45,-0.0236,0.2384,2.1550,1
2,true,false,46,-0.3067,0.2384,2.5183,1
2,true,false,47,-0.5899,0.2384,3.1084,1
2,true,false,48,-0.8730,0.2384,4.7133,1
2,true,false,49,-0.5899,0.4347,12.0612,1
2,true,false,50,-0.8730,0.4347,10.7271,1
2,true,false,51,-0.3067,0.4347,12.3747,1
2,true,false,52,-0.0236,0.4347,13.2176,1
2,true,false,53,0.2596,0.4347,7.5711,1
2,true,false,54,0.5427,0.4347,12.2237,1
2,true,false,55,0.8259,0.4347,15.3742,1
2,true,false,56,1.1090,0.4347,23.8814,1
2,true,false,57,0.5427,0.6310,28.7752,1
2,true,false,58,1.1090,0.6310,28.1514,1
2,true,false,59,0.8259,0.6310,47.0182,1
2,true,false,60,0.2596,0.6310,26.4790,1
2,true,false,61,-0.0236,0.6310,17.4918,1
2,true,false,62,-0.3067,0.6310,15.5186,1
2,true,false,63,-0.5899,0.6310,16.4827,1
2,true,false,64,-0.8730,0.6310,42.2960,1
1,true,false,1,-0.0236,0.4347,12.1911,1
1,true,false,2,-0.0236,0.6310,26.9960,1
1,true,false,3,-0.3067,0.6310,17.4998,1
1,true,false,4,-0.8730,0.6310,18.6947,1
1,true,false,5,-0.5899,0.6310,43.0930,1
1,true,false,6,-0.8730,0.4347,26.6708,1
1,true,false,7,-0.5899,0.4347,13.8172,1
1,true,false,8,-0.3067,0.4347,12.6812,1
1,true,false,9,-0.3067,0.2384,7.2546,1
1,true,false,10,-0.5899,0.2384,2.8592,1
1,true,false,11,-0.8730,0.2384,1.5045,1
1,true,false,12,-0.8730,0.0421,5.8662,1
1,true,false,13,-0.5899,0.0421,15.0599,1
1,true,false,14,-0.3067,0.0421,2.6102,1
1,true,false,15,-0.3067,-0.1541,2.2565,1
1,true,false,16,-0.5899,-0.1541,1.6058,1
1,true,false,17,-0.8730,-0.1541,12.1389,1
1,true,false,18,-0.8730,-0.3504,17.2428,1
1,true,false,19,-0.5899,-0.3504,13.8577,1
1,true,false,20,-0.3067,-0.3504,6.4706,1
1,true,false,21,-0.0236,-0.1541,5.1148,1
1,true,false,22,-0.0236,-0.3504,7.3492,1
1,true,false,23,-0.0236,-0.5467,285.6943,1
1,true,false,24,-0.3067,-0.7430,15.7289,1
1,true,false,25,-0.5899,-0.7430,25.2467,1
1,true,false,26,-0.8730,-0.7430,28.8785,1
1,true,false,27,-0.8730,-0.5467,28.9182,1
1,true,false,28,-0.5899,-0.5467,25.7094,1
1,true,false,29,-0.3067,-0.5467,24.2048,1
1,true,false,30,-0.0236,-0.7430,21.4516,1
1,true,false,31,0.2596,-0.7430,23.5740,1
1,true,false,32,0.5427,-0.7430,20.1028,1
1,true,false,33,0.8259,-0.7430,25.9684,1
1,true,false,34,1.1090,-0.7430,55.3689,1
1,true,false,35,1.1090,-0.5467,28.2920,1
1,true,false,36,0.8259,-0.5467,19.4482,1
1,true,false,37,0.5427,-0.5467,24.9310,1
1,true,false,38,0.2596,-0.5467,21.8853,1
1,true,false,39,0.2596,-0.3504,16.0723,1
1,true,false,40,0.5427,-0.3504,11.2714,1
1,true,false,41,0.8259,-0.3504,8.9692,1
1,true,false,42,1.1090,-0.3504,22.8068,1
1,true,false,43,1.1090,-0.1541,0.0516,0
1,true,false,44,0.8259,-0.1541,19.9381,1
1,true,false,45,0.5427,-0.1541,4.9798,1
1,true,false,46,0.2596,-0.1541,1.3111,1
1,true,false,47,0.2596,0.0421,2.3616,1
1,true,false,48,0.5427,0.0421,3.4700,1
1,true,false,49,0.8259,0.0421,14.7964,1
1,true,false,50,1.1090,0.0421,14.2313,1
1,true,false,51,1.1090,0.2384,30.8791,1
1,true,false,52,0.8259,0.2384,8.4206,1
1,true,false,53,0.5427,0.2384,9.8313,1
1,true,false,54,0.2596,0.2384,5.6713,1
1,true,false,55,0.2596,0.4347,7.8178,1
1,true,false,56,0.5427,0.4347,24.2358,1
1,true,false,57,0.8259,0.4347,12.9248,1
1,true,false,58,1.1090,0.4347,22.6581,1
1,true,false,59,1.1090,0.6310,19.1514,1
1,true,false,60,0.8259,0.6310,25.5376,1
1,true,false,61,0.5427,0.6310,18.9504,1
1,true,false,62,0.2596,0.6310,22.0551,1
1,true,false,63,-0.0236,0.2384,91.4971,1
1,true,false,64,-0.0236,0.0421,1.8074,1
